<powerpagecomponent powerpagecomponentid="40f56e88-0b98-4406-9c5c-3036b49f9327">
  <content>{"source":"{% assign showchildren = showchildren | default: true %}\r\n{% assign showdescriptions = showdescriptions | default: true %}\r\n{% if showchildren and page.children.size &gt; 0 %}\r\n&lt;div class=\"child-navigation content-panel card     \"&gt;\r\n    &lt;div class=\"card-header\"&gt;\r\n        &lt;h3&gt;{% editable snippets \"Page Children Heading\" default: 'In This Section' %}&lt;/h3&gt;\r\n    &lt;/div&gt;\r\n    {% if showdescriptions %}\r\n    &lt;ul class=\"list-group\"&gt;\r\n        {% for node in page.children %}\r\n        &lt;li class=\"list-group-item\"&gt;\r\n            &lt;h4 class=\"list-group-item-heading\"&gt;\r\n                &lt;a href=\"{{ node.url | escape }}\" aria-label = \"Go to {{node.title | escape}} page\"&gt;{{ node.title | escape }}&lt;/a&gt;\r\n            &lt;/h4&gt;\r\n            &lt;div class=\"list-group-item-text\"&gt;\r\n                {{ node.description }}\r\n            &lt;/div&gt;\r\n        &lt;/li&gt;\r\n        {% endfor %}\r\n    &lt;/ul&gt;\r\n    {% else %}\r\n    &lt;div class=\"list-group\"&gt;\r\n        {% for node in page.children %}\r\n        &lt;a href=\"{{ node.url | escape }}\" class=\" list-group-item-action list-group-item\"&gt;{{ node.title | escape }}&lt;/a&gt;\r\n        {% endfor %}\r\n    &lt;/div&gt;\r\n    {% endif %}\r\n&lt;/div&gt;\r\n{% endif %}"}</content>
  <iscustomizable>1</iscustomizable>
  <name>Child Navigation</name>
  <powerpagecomponenttype>8</powerpagecomponenttype>
  <powerpagesiteid>
    <powerpagesiteid>23bf312d-5ba3-4d07-8755-3f005d913606</powerpagesiteid>
  </powerpagesiteid>
  <statecode>0</statecode>
  <statuscode>1</statuscode>
</powerpagecomponent>