<powerpagecomponent powerpagecomponentid="e24a63ba-68d0-4989-845b-748a8930be8c">
  <content>{"contentdisposition":756150000,"displayorder":9,"enabletracking":false,"excludefromsearch":true,"hiddenfromsitemap":false,"parentpageid":"d6e390e5-3b34-49a6-bdb2-1c503771d830","partialurl":"theme.css","publishingstateid":"0e070d4e-2600-4749-81b1-e424707f6155"}</content>
  <filecontent mimetype="application/octet-stream">theme.css</filecontent>
  <iscustomizable>1</iscustomizable>
  <name>theme.css</name>
  <powerpagecomponenttype>3</powerpagecomponenttype>
  <powerpagesiteid>
    <powerpagesiteid>23bf312d-5ba3-4d07-8755-3f005d913606</powerpagesiteid>
  </powerpagesiteid>
  <statecode>0</statecode>
  <statuscode>1</statuscode>
</powerpagecomponent>