<powerpagecomponent powerpagecomponentid="ba41308e-30dc-48d9-9c98-09320233ef4e">
  <content>{"display_name":"Footer","type":756150001,"value":"&lt;p class=\"smallText\"&gt;Copyright © &lt;/p&gt;\r\n&lt;p class=\"smallText\"&gt;{{ now | date: 'yyyy' }}&lt;/p&gt;\r\n&lt;p class=\"smallText\"&gt;. All rights reserved.&lt;/p&gt;"}</content>
  <iscustomizable>1</iscustomizable>
  <name>Footer</name>
  <powerpagecomponenttype>7</powerpagecomponenttype>
  <powerpagesiteid>
    <powerpagesiteid>23bf312d-5ba3-4d07-8755-3f005d913606</powerpagesiteid>
  </powerpagesiteid>
  <powerpagesitelanguageid>
    <powerpagesitelanguageid>8c8c0a8d-98bc-4ba2-b384-4830f6916f51</powerpagesitelanguageid>
  </powerpagesitelanguageid>
  <statecode>0</statecode>
  <statuscode>1</statuscode>
</powerpagecomponent>