<botcomponent schemaname="cr053_employeeFoiAssistant.component.Exemptions_ICO.html_OLn">
  <componenttype>14</componenttype>
  <description>This knowledge source searches information contained in Exemptions _ ICO.html</description>
  <filedata mimetype="text/html">Exemptions%20_%20ICO.html</filedata>
  <iscustomizable>0</iscustomizable>
  <name>Exemptions _ ICO.html</name>
  <parentbotid>
    <schemaname>cr053_employeeFoiAssistant</schemaname>
  </parentbotid>
  <statecode>0</statecode>
  <statuscode>1</statuscode>
</botcomponent>