<powerpagecomponent powerpagecomponentid="e847f043-9363-4102-a118-f69a12c6aedd">
  <content>{"enablerating":false,"enabletracking":false,"excludefromsearch":true,"feedbackpolicy":756150000,"hiddenfromsitemap":true,"isroot":true,"pagetemplateid":"58a458c7-37b9-4b19-a257-0a5198860a64","parentpageid":"d6e390e5-3b34-49a6-bdb2-1c503771d830","partialurl":"access-denied","publishingstateid":"0e070d4e-2600-4749-81b1-e424707f6155","sharedpageconfiguration":false}</content>
  <iscustomizable>1</iscustomizable>
  <name>Access Denied</name>
  <powerpagecomponenttype>2</powerpagecomponenttype>
  <powerpagesiteid>
    <powerpagesiteid>23bf312d-5ba3-4d07-8755-3f005d913606</powerpagesiteid>
  </powerpagesiteid>
  <searchcontent>Access Denied</searchcontent>
  <statecode>0</statecode>
  <statuscode>1</statuscode>
</powerpagecomponent>