<powerpagecomponent powerpagecomponentid="36fffc77-0cfa-466e-94fd-eb225db5ba14">
  <content>{
  "filecontent": null,
  "copy": "&lt;div data-component-theme=\"portalThemeColor1\" class=\"row sectionBlockLayout\" style=\"padding: 8px; margin: 0px; display: flex; flex-wrap: wrap; text-align: left; min-height: auto;\"&gt;\n  &lt;div class=\"container\" style=\"padding: 0px; display: flex; flex-wrap: wrap; flex-direction: row-reverse;\"&gt;\n    &lt;div class=\"col-md-6 columnBlockLayout\" style=\"flex-grow: 1; display: flex; flex-direction: column; min-width: 300px;\"&gt;&lt;img src=\"/Downtown-Houston-skyline.jpg\" alt=\"Downtown-Houston-skyline\" name=\"Downtown-Houston-skyline.jpg\" style=\"width: 117%; height: 305.545px; max-width: 100%;\" /&gt;&lt;/div&gt;\n    &lt;div class=\"col-md-6 columnBlockLayout\" style=\"flex-grow: 1; display: flex; flex-direction: column; min-width: 300px;\"&gt;&lt;h1 style=\"color: rgb(0, 121, 107); text-shadow: rgba(255, 255, 255, 0.7) 1px 1px 2px;\"&gt;Our Freedom of Information Portal&lt;/h1&gt;&lt;/div&gt;\n  &lt;/div&gt;\n&lt;/div&gt;\n&lt;div class=\"row sectionBlockLayout\" style=\"padding: 8px; margin: 0px; display: flex; flex-wrap: wrap; text-align: left; min-height: auto;\"&gt;\n  &lt;div class=\"container\" style=\"padding: 0px; display: flex; flex-wrap: wrap;\"&gt;\n    &lt;div class=\"col-lg-12 columnBlockLayout\" style=\"flex-grow: 1; display: flex; flex-direction: column; min-width: 300px;\"&gt;\n      &lt;h2 style=\"color: rgb(0, 121, 107); text-shadow: rgba(255, 255, 255, 0.7) 1px 1px 2px;\"&gt;Submit an FOI request&lt;/h2&gt;\n      &lt;p&gt;If you have any Freedom of Information (FOI) requests, please feel free to submit them via the standard form.&lt;/p&gt;\n      &lt;button onclick=\"window.location.href='mailto:foi@example.com'\" type=\"button\" value=\"mailto:foi@example.com\" class=\"button1\"&gt;Submit via Email&lt;/button&gt;\n      &lt;h2 style=\"color: rgb(0, 121, 107); text-shadow: rgba(255, 255, 255, 0.7) 1px 1px 2px;\"&gt;Or, use our FOI Agent&lt;/h2&gt;\n      &lt;p&gt;Our Copilot Agent is here to help you with your FOI requests. Click the button below to get started.&lt;/p&gt;\n      &lt;button onclick=\"window.location.href='body &gt; div.pva-floating-style &gt; div &gt; div &gt; div.pva-embedded-web-chat-widget-container &gt; button &gt; i'\" type=\"button\" value=\"/copilot-agent\" class=\"button1\"&gt;Use Copilot Agent&lt;/button&gt;\n    &lt;/div&gt;\n  &lt;/div&gt;\n&lt;/div&gt;\n&lt;div data-component-theme=\"portalThemeColor1\" class=\"row sectionBlockLayout\" style=\"padding: 8px; margin: 0px; display: flex; flex-wrap: wrap; text-align: left; min-height: auto;\"&gt;\n  &lt;div class=\"container\" style=\"padding: 0px; display: flex; flex-wrap: wrap; flex-direction: row-reverse;\"&gt;\n    &lt;div class=\"col-lg-6 columnBlockLayout\" style=\"flex-grow: 1; display: flex; flex-direction: column; min-width: 300px;\"&gt;&lt;img src=\"/Geometric-4.png\" alt=\"\" name=\"Geometric-4.png\" style=\"width: 117%; height: 305.545px; max-width: 100%;\" /&gt;&lt;/div&gt;\n    &lt;div class=\"col-lg-6 columnBlockLayout\" style=\"flex-grow: 1; display: flex; flex-direction: column; min-width: 300px;\"&gt;\n      &lt;h2 style=\"color: rgb(0, 121, 107); text-shadow: rgba(255, 255, 255, 0.7) 1px 1px 2px;\"&gt;Our FOI Agent is here to help!&lt;/h2&gt;\n      &lt;p&gt;As well as helping you submit quality FOIs, our agent can also track any existing cases and provide general support.&lt;/p&gt;\n      &lt;button onclick=\"window.location.href='/'\" type=\"button\" value=\"/\" class=\"button1\"&gt;Add a call to action here&lt;/button&gt;\n    &lt;/div&gt;\n  &lt;/div&gt;\n&lt;/div&gt;\n",
  "displayorder": 1,
  "enablerating": false,
  "enabletracking": false,
  "excludefromsearch": false,
  "feedbackpolicy": 756150005,
  "hiddenfromsitemap": false,
  "isroot": false,
  "pagetemplateid": "58a458c7-37b9-4b19-a257-0a5198860a64",
  "partialurl": "/",
  "publishingstateid": "0e070d4e-2600-4749-81b1-e424707f6155",
  "rootwebpageid": "d6e390e5-3b34-49a6-bdb2-1c503771d830",
  "sharedpageconfiguration": false,
  "summary": "&lt;p&gt;This is a sample landing page for you to start creating your website.&lt;/p&gt;",
  "title": "Home",
  "parentpageid": null
}</content>
  <iscustomizable>1</iscustomizable>
  <name>Home</name>
  <powerpagecomponenttype>2</powerpagecomponenttype>
  <powerpagesiteid>
    <powerpagesiteid>23bf312d-5ba3-4d07-8755-3f005d913606</powerpagesiteid>
  </powerpagesiteid>
  <powerpagesitelanguageid>
    <powerpagesitelanguageid>8c8c0a8d-98bc-4ba2-b384-4830f6916f51</powerpagesitelanguageid>
  </powerpagesitelanguageid>
  <searchcontent>Home&lt;div data-component-theme="portalThemeColor1" class="row sectionBlockLayout" style="padding: 8px; margin: 0px; display: flex; flex-wrap: wrap; text-align: left; min-height: auto;"&gt;
  &lt;div class="container" style="padding: 0px; display: flex; flex-wrap: wrap; flex-direction: row-reverse;"&gt;
    &lt;div class="col-md-6 columnBlockLayout" style="flex-grow: 1; display: flex; flex-direction: column; min-width: 300px;"&gt;&lt;img src="/Downtown-Houston-skyline.jpg" alt="Downtown-Houston-skyline" name="Downtown-Houston-skyline.jpg" style="width: 117%; height: 305.545px; max-width: 100%;" /&gt;&lt;/div&gt;
    &lt;div class="col-md-6 columnBlockLayout" style="flex-grow: 1; display: flex; flex-direction: column; min-width: 300px;"&gt;&lt;h1 style="color: rgb(0, 121, 107); text-shadow: rgba(255, 255, 255, 0.7) 1px 1px 2px;"&gt;Our Freedom of Information Portal&lt;/h1&gt;&lt;/div&gt;
  &lt;/div&gt;
&lt;/div&gt;
&lt;div class="row sectionBlockLayout" style="padding: 8px; margin: 0px; display: flex; flex-wrap: wrap; text-align: left; min-height: auto;"&gt;
  &lt;div class="container" style="padding: 0px; display: flex; flex-wrap: wrap;"&gt;
    &lt;div class="col-lg-12 columnBlockLayout" style="flex-grow: 1; display: flex; flex-direction: column; min-width: 300px;"&gt;
      &lt;h2 style="color: rgb(0, 121, 107); text-shadow: rgba(255, 255, 255, 0.7) 1px 1px 2px;"&gt;Submit an FOI request&lt;/h2&gt;
      &lt;p&gt;If you have any Freedom of Information (FOI) requests, please feel free to submit them via the standard form.&lt;/p&gt;
      &lt;button onclick="window.location.href='mailto:foi@example.com'" type="button" value="mailto:foi@example.com" class="button1"&gt;Submit via Email&lt;/button&gt;
      &lt;h2 style="color: rgb(0, 121, 107); text-shadow: rgba(255, 255, 255, 0.7) 1px 1px 2px;"&gt;Or, use our FOI Agent&lt;/h2&gt;
      &lt;p&gt;Our Copilot Agent is here to help you with your FOI requests. Click the button below to get started.&lt;/p&gt;
      &lt;button onclick="window.location.href='body &gt; div.pva-floating-style &gt; div &gt; div &gt; div.pva-embedded-web-chat-widget-container &gt; button &gt; i'" type="button" value="/copilot-agent" class="button1"&gt;Use Copilot Agent&lt;/button&gt;
    &lt;/div&gt;
  &lt;/div&gt;
&lt;/div&gt;
&lt;div data-component-theme="portalThemeColor1" class="row sectionBlockLayout" style="padding: 8px; margin: 0px; display: flex; flex-wrap: wrap; text-align: left; min-height: auto;"&gt;
  &lt;div class="container" style="padding: 0px; display: flex; flex-wrap: wrap; flex-direction: row-reverse;"&gt;
    &lt;div class="col-lg-6 columnBlockLayout" style="flex-grow: 1; display: flex; flex-direction: column; min-width: 300px;"&gt;&lt;img src="/Geometric-4.png" alt="" name="Geometric-4.png" style="width: 117%; height: 305.545px; max-width: 100%;" /&gt;&lt;/div&gt;
    &lt;div class="col-lg-6 columnBlockLayout" style="flex-grow: 1; display: flex; flex-direction: column; min-width: 300px;"&gt;
      &lt;h2 style="color: rgb(0, 121, 107); text-shadow: rgba(255, 255, 255, 0.7) 1px 1px 2px;"&gt;Our FOI Agent is here to help!&lt;/h2&gt;
      &lt;p&gt;As well as helping you submit quality FOIs, our agent can also track any existing cases and provide general support.&lt;/p&gt;
      &lt;button onclick="window.location.href='/'" type="button" value="/" class="button1"&gt;Add a call to action here&lt;/button&gt;
    &lt;/div&gt;
  &lt;/div&gt;
&lt;/div&gt;
Home</searchcontent>
  <statecode>0</statecode>
  <statuscode>1</statuscode>
</powerpagecomponent>