<powerpagecomponent powerpagecomponentid="85a18305-5006-474c-87be-62dc49e3d86d">
  <content>{"displayorder":2,"enablerating":false,"enabletracking":false,"excludefromsearch":false,"feedbackpolicy":756150000,"hiddenfromsitemap":false,"isroot":true,"pagetemplateid":"58a458c7-37b9-4b19-a257-0a5198860a64","parentpageid":"6e37fbd7-16e2-4648-bf59-586f3decb8b9","partialurl":"subpage-2","publishingstateid":"0e070d4e-2600-4749-81b1-e424707f6155","sharedpageconfiguration":false,"title":"Subpage 2"}</content>
  <iscustomizable>1</iscustomizable>
  <name>Subpage 2</name>
  <powerpagecomponenttype>2</powerpagecomponenttype>
  <powerpagesiteid>
    <powerpagesiteid>23bf312d-5ba3-4d07-8755-3f005d913606</powerpagesiteid>
  </powerpagesiteid>
  <searchcontent>Subpage 2Subpage 2</searchcontent>
  <statecode>0</statecode>
  <statuscode>1</statuscode>
</powerpagecomponent>