<msdyn_planartifact msdyn_planartifactid="9543c53f-74eb-ef11-9341-6045bd0d4b65">
  <iscustomizable>1</iscustomizable>
  <msdyn_artifactmetadataschemaversion>1.0</msdyn_artifactmetadataschemaversion>
  <msdyn_artifactstatus>419550000</msdyn_artifactstatus>
  <msdyn_description>A bespoke app for business team leads to review, approve, and communicate about FOI request responses.</msdyn_description>
  <msdyn_name>Business Lead Approval</msdyn_name>
  <msdyn_proposal mimetype="application/octet-stream">Business Lead Approval</msdyn_proposal>
  <msdyn_proposalschemaversion>1.0</msdyn_proposalschemaversion>
  <msdyn_type>PowerAppsCanvasApp</msdyn_type>
  <statecode>0</statecode>
  <statuscode>1</statuscode>
</msdyn_planartifact>