<powerpagecomponent powerpagecomponentid="30a76f8d-14e9-4fa7-af15-6ae57e34d24e">
  <content>{"display_name":"Header/Search/FilterLabel","type":756150000,"value":"Search Filter"}</content>
  <iscustomizable>1</iscustomizable>
  <name>Header/Search/FilterLabel</name>
  <powerpagecomponenttype>7</powerpagecomponenttype>
  <powerpagesiteid>
    <powerpagesiteid>23bf312d-5ba3-4d07-8755-3f005d913606</powerpagesiteid>
  </powerpagesiteid>
  <powerpagesitelanguageid>
    <powerpagesitelanguageid>8c8c0a8d-98bc-4ba2-b384-4830f6916f51</powerpagesitelanguageid>
  </powerpagesitelanguageid>
  <statecode>0</statecode>
  <statuscode>1</statuscode>
</powerpagecomponent>