<botcomponent schemaname="cr053_employeeFoiAssistant.topic.Task_PublicUserUserFOIRequestFOIRequest_Ysv6sNIOqYARr3zo_4Y6Q">
  <category>Authoritative</category>
  <componenttype>16</componenttype>
  <description>This knowledge source answers questions found in the following Dataverse tables: Task, Public User, User, FOI Request, FOI Request</description>
  <iscustomizable>0</iscustomizable>
  <name>Task, Public User, User, FOI Request, FOI Request</name>
  <parentbotid>
    <schemaname>cr053_employeeFoiAssistant</schemaname>
  </parentbotid>
  <statecode>0</statecode>
  <statuscode>1</statuscode>
</botcomponent>