<botcomponent_dvtablesearchset>
  <botcomponent_dvtablesearch botcomponentid.schemaname="cr053_employeeFoiAssistant.topic.Task_PublicUserUserFOIRequestFOIRequest_Ysv6sNIOqYARr3zo_4Y6Q" dvtablesearchid.dvtablesearchid="a3ac89b6-0ceb-4859-9d52-f5491c0bf73b">
    <iscustomizable>1</iscustomizable>
  </botcomponent_dvtablesearch>
  <botcomponent_dvtablesearch botcomponentid.schemaname="cr053_foiRequestHandler.topic.PublicUser_RequestResponseAccountFOIRequest_1iS2Tn3580HNuDZNzD_RS" dvtablesearchid.dvtablesearchid="b4c6923f-3306-4fa7-a31c-0f40a1a42e50">
    <iscustomizable>1</iscustomizable>
  </botcomponent_dvtablesearch>
</botcomponent_dvtablesearchset>