<botcomponent_msdyn_aimodelset>
  <botcomponent_msdyn_aimodel botcomponentid.schemaname="cr053_foiRequestHandler.topic.SubmitFOIrequest" msdyn_aimodelid.msdyn_aimodelid="2c07459e-fe47-4ca6-99f2-8ad996a9a131">
    <iscustomizable>1</iscustomizable>
  </botcomponent_msdyn_aimodel>
  <botcomponent_msdyn_aimodel botcomponentid.schemaname="cr053_foiRequestHandler.topic.SubmitFOIrequest" msdyn_aimodelid.msdyn_aimodelid="dbfa5455-0838-40cf-8f32-e705e181ed49">
    <iscustomizable>1</iscustomizable>
  </botcomponent_msdyn_aimodel>
</botcomponent_msdyn_aimodelset>