<powerpagesitelanguages>
  <powerpagesitelanguage powerpagesitelanguageid="8c8c0a8d-98bc-4ba2-b384-4830f6916f51">
    <content>{"publishingstate":"0e070d4e-2600-4749-81b1-e424707f6155","systemlanguage":1033}</content>
    <displayname>English</displayname>
    <iscustomizable>1</iscustomizable>
    <languagecode>en-US</languagecode>
    <lcid>1033</lcid>
    <name>English</name>
    <powerpagesiteid>
      <powerpagesiteid>23bf312d-5ba3-4d07-8755-3f005d913606</powerpagesiteid>
    </powerpagesiteid>
    <statecode>0</statecode>
    <statuscode>1</statuscode>
  </powerpagesitelanguage>
</powerpagesitelanguages>