<powerpagesites>
  <powerpagesite powerpagesiteid="23bf312d-5ba3-4d07-8755-3f005d913606">
    <content>{"defaultlanguage":"8c8c0a8d-98bc-4ba2-b384-4830f6916f51","footerwebtemplateid":"7ea300c0-46f8-44bc-b4ec-9ce9bd739cc3","headerwebtemplateid":"92f92cbe-cab6-4d62-a421-0c7e711cc97e","statecode":0,"statuscode":1,"website_language":1033,"defaultbotconsumerid":"b3650400-5ff0-ef11-be1f-000d3a0cb104"}</content>
    <datamodelversion>2.0</datamodelversion>
    <iscustomizable>1</iscustomizable>
    <name>FOI Portal - site-rpgut</name>
    <primarydomainname>site-rpgut.powerappsportals.com</primarydomainname>
    <statecode>0</statecode>
    <statuscode>1</statuscode>
  </powerpagesite>
</powerpagesites>