<msdyn_planartifact msdyn_planartifactid="f1fe5e96-76eb-ef11-9341-6045bd0d4b65">
  <iscustomizable>1</iscustomizable>
  <msdyn_artifactmetadataschemaversion>1.0</msdyn_artifactmetadataschemaversion>
  <msdyn_artifactstatus>419550000</msdyn_artifactstatus>
  <msdyn_description>An app for FOI coordination team members to compile responses from different teams.</msdyn_description>
  <msdyn_name>FOI Response Compilation</msdyn_name>
  <msdyn_proposal mimetype="application/octet-stream">FOI Response Compilation</msdyn_proposal>
  <msdyn_proposalschemaversion>1.0</msdyn_proposalschemaversion>
  <msdyn_type>PowerAppsModelApp</msdyn_type>
  <statecode>0</statecode>
  <statuscode>1</statuscode>
</msdyn_planartifact>