<powerpagecomponent powerpagecomponentid="dc4a9c0c-2da4-40f3-b67a-13f432b91255">
  <content>{"disablepagevalidation":false,"displayimageonly":false,"displayorder":2,"displaypagechildlinks":false,"openinnewwindow":false,"pageid":"6e37fbd7-16e2-4648-bf59-586f3decb8b9","publishingstateid":"0e070d4e-2600-4749-81b1-e424707f6155","robotsfollowlink":true,"weblinksetid":"192bfffe-5a48-4c44-91b5-73101862061d"}</content>
  <iscustomizable>1</iscustomizable>
  <name>Pages</name>
  <powerpagecomponenttype>5</powerpagecomponenttype>
  <powerpagesiteid>
    <powerpagesiteid>23bf312d-5ba3-4d07-8755-3f005d913606</powerpagesiteid>
  </powerpagesiteid>
  <statecode>0</statecode>
  <statuscode>1</statuscode>
</powerpagecomponent>