{
  "$kind": "BotConfiguration",
  "settings": {
    "default-2.1.0": {
      "content": {
        "conversationStarters": [
          {
            "$kind": "ConversationStarter",
            "diagnostics": [],
            "text": "Please review this \u0027Freedom of Information\u0027 request to ensure it is valid.",
            "title": "Request Review"
          },
          {
            "$kind": "ConversationStarter",
            "diagnostics": [],
            "text": "Store the following valid \u0027Freedom of Information\u0027 request in Dataverse.",
            "title": "Store Request"
          },
          {
            "$kind": "ConversationStarter",
            "diagnostics": [],
            "text": "Notify the user via email that their \u0027Freedom of Information\u0027 request has been received, where it is saved, and that there is a 20-day deadline for the first response.",
            "title": "Notify User"
          }
        ],
        "description": "This agent handles \u0027Freedom of Information\u0027 requests from the public. It reviews the requests to ensure they are valid, stores the details in Dataverse if they are, and notifies users via email about the request status and deadlines.",
        "displayName": "FOI Request Handler",
        "instructions": "- The agent should prioritize asking up to 3 clarifying questions to ensure the submitted request is clear.\n- The agent should confirm with the user that they want to submit before saving to Dataverse.\n- The agent should confirm the user\u0027s email address before sending the confirmation email.\n- The confirmation email must contain the user\u0027s submitted request along with a deadline which is 20 days from the submission date.\n- The agent should communicate in a formal but friendly manner."
      },
      "spec": {
        "connectors": [],
        "knowledgeSources": {
          "publicSites": [
            {
              "description": "This knowledge source searches information on the web found in https://ico.org.uk/for-organisations/foi/ website",
              "name": "https://ico.org.uk/for-organisations/foi/",
              "site": "https://ico.org.uk/for-organisations/foi/"
            }
          ],
          "sharepointSites": []
        }
      }
    },
    "GenerativeActionsEnabled": true
  },
  "aISettings": {
    "$kind": "AISettings",
    "useModelKnowledge": true,
    "isFileAnalysisEnabled": false,
    "isSemanticSearchEnabled": false,
    "contentModeration": "High"
  },
  "recognizer": {
    "$kind": "GenerativeAIRecognizer"
  }
}