<powerpagecomponent powerpagecomponentid="edb2823b-893a-4ae5-972f-ff8622eab0db">
  <content>{"contentdisposition":756150000,"enabletracking":false,"excludefromsearch":false,"hiddenfromsitemap":false,"parentpageid":"d6e390e5-3b34-49a6-bdb2-1c503771d830","partialurl":"Graph-1.png","publishingstateid":"0e070d4e-2600-4749-81b1-e424707f6155"}</content>
  <filecontent mimetype="application/octet-stream">Graph-1.png</filecontent>
  <iscustomizable>1</iscustomizable>
  <name>Graph-1.png</name>
  <powerpagecomponenttype>3</powerpagecomponenttype>
  <powerpagesiteid>
    <powerpagesiteid>23bf312d-5ba3-4d07-8755-3f005d913606</powerpagesiteid>
  </powerpagesiteid>
  <statecode>0</statecode>
  <statuscode>1</statuscode>
</powerpagecomponent>