<powerpagecomponent powerpagecomponentid="0dda1e6b-dbdb-46f4-b0f7-31524465d242">
  <content>{"contentdisposition":756150000,"enabletracking":false,"excludefromsearch":false,"hiddenfromsitemap":false,"parentpageid":"d6e390e5-3b34-49a6-bdb2-1c503771d830","partialurl":"Logo-sm-64.png","publishingstateid":"0e070d4e-2600-4749-81b1-e424707f6155"}</content>
  <filecontent mimetype="application/octet-stream">Logo-sm-64.png</filecontent>
  <iscustomizable>1</iscustomizable>
  <name>Logo-sm-64.png</name>
  <powerpagecomponenttype>3</powerpagecomponenttype>
  <powerpagesiteid>
    <powerpagesiteid>23bf312d-5ba3-4d07-8755-3f005d913606</powerpagesiteid>
  </powerpagesiteid>
  <statecode>0</statecode>
  <statuscode>1</statuscode>
</powerpagecomponent>