<botcomponent schemaname="cr053_foiRequestHandler.component.PublicauthoritiesundertheFreedomofInformationAct_ICO.html_JXn">
  <componenttype>14</componenttype>
  <description>This knowledge source searches information contained in Public authorities under the Freedom of Information Act _ ICO.html</description>
  <filedata mimetype="text/html">Public%20authorities%20under%20the%20Freedom%20of%20Information%20Act%20_%20ICO.html</filedata>
  <iscustomizable>0</iscustomizable>
  <name>Public authorities under the Freedom of Information Act _ ICO.html</name>
  <parentbotid>
    <schemaname>cr053_foiRequestHandler</schemaname>
  </parentbotid>
  <statecode>0</statecode>
  <statuscode>1</statuscode>
</botcomponent>