<powerpagecomponent powerpagecomponentid="015bad52-4d81-42e7-8a7f-936ebf281b7c">
  <content>{"source":"&lt;!-- Default studio template. Please do not modify --&gt;\r\n&lt;div id=\"mainContent\" class=\"wrapper-body\" role=\"main\"&gt;\r\n    &lt;div class=\"page-copy\"&gt;\r\n      {% editable page 'adx_copy' type: 'html', liquid: true %}\r\n    &lt;/div&gt;\r\n&lt;/div&gt;"}</content>
  <iscustomizable>1</iscustomizable>
  <name>Default studio template</name>
  <powerpagecomponenttype>8</powerpagecomponenttype>
  <powerpagesiteid>
    <powerpagesiteid>23bf312d-5ba3-4d07-8755-3f005d913606</powerpagesiteid>
  </powerpagesiteid>
  <statecode>0</statecode>
  <statuscode>1</statuscode>
</powerpagecomponent>