<powerpagecomponent powerpagecomponentid="bf53da2e-24f9-46ad-a23f-f5aba50e89e5">
  <content>{"disablepagevalidation":false,"displayimageonly":false,"displayorder":3,"displaypagechildlinks":false,"openinnewwindow":false,"pageid":"6e37fbd7-16e2-4648-bf59-586f3decb8b9","publishingstateid":"0e070d4e-2600-4749-81b1-e424707f6155","robotsfollowlink":true,"weblinksetid":"70cddffb-7fe3-4ea3-9868-95b1986eb02b"}</content>
  <iscustomizable>1</iscustomizable>
  <name>Pages</name>
  <powerpagecomponenttype>5</powerpagecomponenttype>
  <powerpagesiteid>
    <powerpagesiteid>23bf312d-5ba3-4d07-8755-3f005d913606</powerpagesiteid>
  </powerpagesiteid>
  <statecode>0</statecode>
  <statuscode>1</statuscode>
</powerpagecomponent>