<powerpagecomponent powerpagecomponentid="331363be-9363-4fba-88ac-a3db38d89962">
  <content>{"copy":"&lt;h4&gt;About Starter Portal&lt;/h4&gt;&lt;p&gt;This site uses sample data and text, please update as per your requirement.&lt;/p&gt;","display_name":"Footer","publishingstateid":"0e070d4e-2600-4749-81b1-e424707f6155"}</content>
  <iscustomizable>1</iscustomizable>
  <name>Footer</name>
  <powerpagecomponenttype>4</powerpagecomponenttype>
  <powerpagesiteid>
    <powerpagesiteid>23bf312d-5ba3-4d07-8755-3f005d913606</powerpagesiteid>
  </powerpagesiteid>
  <powerpagesitelanguageid>
    <powerpagesitelanguageid>8c8c0a8d-98bc-4ba2-b384-4830f6916f51</powerpagesitelanguageid>
  </powerpagesitelanguageid>
  <statecode>0</statecode>
  <statuscode>1</statuscode>
</powerpagecomponent>