<msdyn_planartifact msdyn_planartifactid="8d43c53f-74eb-ef11-9341-6045bd0d4b65">
  <iscustomizable>1</iscustomizable>
  <msdyn_artifactmetadataschemaversion>1.0</msdyn_artifactmetadataschemaversion>
  <msdyn_artifactstatus>419550000</msdyn_artifactstatus>
  <msdyn_description>An app for public users to submit and track Freedom of Information requests.</msdyn_description>
  <msdyn_name>FOI Request Submission</msdyn_name>
  <msdyn_proposal mimetype="application/octet-stream">FOI Request Submission</msdyn_proposal>
  <msdyn_proposalschemaversion>1.0</msdyn_proposalschemaversion>
  <msdyn_type>PowerAppsCanvasApp</msdyn_type>
  <statecode>0</statecode>
  <statuscode>1</statuscode>
</msdyn_planartifact>