<powerpagecomponent powerpagecomponentid="64bbd58c-494f-4c7a-b7aa-398c65e9f149">
  <content>{"displayorder":3,"enablerating":false,"enabletracking":false,"excludefromsearch":false,"feedbackpolicy":756150000,"hiddenfromsitemap":false,"isroot":true,"pagetemplateid":"58a458c7-37b9-4b19-a257-0a5198860a64","parentpageid":"d6e390e5-3b34-49a6-bdb2-1c503771d830","partialurl":"contact-us","publishingstateid":"0e070d4e-2600-4749-81b1-e424707f6155","sharedpageconfiguration":false}</content>
  <iscustomizable>1</iscustomizable>
  <name>Contact us</name>
  <powerpagecomponenttype>2</powerpagecomponenttype>
  <powerpagesiteid>
    <powerpagesiteid>23bf312d-5ba3-4d07-8755-3f005d913606</powerpagesiteid>
  </powerpagesiteid>
  <searchcontent>Contact us</searchcontent>
  <statecode>0</statecode>
  <statuscode>1</statuscode>
</powerpagecomponent>