<botcomponent schemaname="cr053_foiRequestHandler.knowledge.PublicSiteSearchSource.0">
  <componenttype>16</componenttype>
  <description>This knowledge source searches information on the web found in https://ico.org.uk/for-organisations/foi/ website</description>
  <iscustomizable>0</iscustomizable>
  <name>https://ico.org.uk/for-organisations/foi/</name>
  <parentbotid>
    <schemaname>cr053_foiRequestHandler</schemaname>
  </parentbotid>
  <statecode>0</statecode>
  <statuscode>1</statuscode>
</botcomponent>