{
  "properties": {
    "connectionReferences": {
      "shared_commondataserviceforapps": {
        "api": {
          "name": "shared_commondataserviceforapps"
        },
        "connection": {
          "connectionReferenceLogicalName": "cr053_sharedcommondataserviceforapps_e7ebd"
        },
        "runtimeSource": "embedded"
      },
      "shared_office365": {
        "api": {
          "name": "shared_office365"
        },
        "connection": {
          "connectionReferenceLogicalName": "cr053_foiRequestHandler.shared_office365.shared-office365-46e21eb8-2028-4b38-84b8-42b0b455aab6"
        },
        "runtimeSource": "embedded"
      }
    },
    "definition": {
      "$schema": "https://schema.management.azure.com/providers/Microsoft.Logic/schemas/2016-06-01/workflowdefinition.json#",
      "contentVersion": "1.0.0.0",
      "parameters": {
        "$authentication": {
          "defaultValue": {},
          "type": "SecureObject"
        },
        "$connections": {
          "defaultValue": {},
          "type": "Object"
        }
      },
      "triggers": {
        "When_a_row_is_added,_modified_or_deleted": {
          "type": "OpenApiConnectionWebhook",
          "inputs": {
            "parameters": {
              "subscriptionRequest/message": 1,
              "subscriptionRequest/entityname": "cr053_foirequest",
              "subscriptionRequest/scope": 4
            },
            "host": {
              "apiId": "/providers/Microsoft.PowerApps/apis/shared_commondataserviceforapps",
              "operationId": "SubscribeWebhookTrigger",
              "connectionName": "shared_commondataserviceforapps"
            }
          },
          "metadata": {
            "operationMetadataId": "fdc3756f-d218-4e46-b103-efc9e1019b94"
          }
        }
      },
      "actions": {
        "Classify_text_into_categories_with_the_standard_model": {
          "type": "OpenApiConnection",
          "inputs": {
            "parameters": {
              "item/requestv2/language": "en",
              "item/requestv2/text": "@outputs('Get_a_row_by_ID')?['body/cr053_requestdetails']"
            },
            "host": {
              "apiId": "/providers/Microsoft.PowerApps/apis/shared_commondataserviceforapps",
              "operationId": "aibuilderpredict_textclassificationpretrained",
              "connectionName": "shared_commondataserviceforapps"
            }
          },
          "runAfter": {
            "Get_a_row_by_ID": [
              "SUCCEEDED"
            ]
          },
          "metadata": {
            "operationMetadataId": "e6aa5bc9-36f2-4292-b0ed-4a13c404beaf",
            "flowSystemMetadata": {
              "portalOperationApiDisplayNameOverride": "AI Builder",
              "portalOperationIconOverride": "https://content.powerapps.com/resource/makerx/static/pauto/images/designeroperations/aiBuilderNew.51dbdb6b.png",
              "portalOperationBrandColorOverride": "#0A76C4",
              "portalOperationApiTierOverride": "Standard"
            }
          }
        },
        "Get_similar_cases": {
          "type": "OpenApiConnection",
          "inputs": {
            "parameters": {
              "recordId": "d75e6d0d-0298-4d71-8819-67002fbf91b7",
              "item/requestv2/Request": "@triggerOutputs()?['body/cr053_requestdetails']",
              "item/requestv2/additionalContext": "This is the body of an FOI request submitted by a member of the public"
            },
            "host": {
              "apiId": "/providers/Microsoft.PowerApps/apis/shared_commondataserviceforapps",
              "operationId": "aibuilderpredict_customprompt",
              "connectionName": "shared_commondataserviceforapps"
            }
          },
          "runAfter": {
            "Classify_text_into_categories_with_the_standard_model": [
              "Succeeded"
            ]
          },
          "metadata": {
            "operationMetadataId": "e7f7d7ba-5549-4ac4-bb1e-aac72e668f2b",
            "flowSystemMetadata": {
              "portalOperationApiDisplayNameOverride": "AI Builder",
              "portalOperationIconOverride": "https://content.powerapps.com/resource/makerx/static/pauto/images/designeroperations/aiBuilderNew.51dbdb6b.png",
              "portalOperationBrandColorOverride": "#0A76C4",
              "portalOperationApiTierOverride": "Standard"
            }
          }
        },
        "Break_the_request_down_into_manageable_tasks": {
          "type": "OpenApiConnection",
          "inputs": {
            "parameters": {
              "recordId": "b3636c7a-129a-4bdd-8414-709b479c2308",
              "item/requestv2/Deadline": "@triggerOutputs()?['body/cr053_responsedeadline']",
              "item/requestv2/Request": "@triggerOutputs()?['body/cr053_requestdetails']"
            },
            "host": {
              "apiId": "/providers/Microsoft.PowerApps/apis/shared_commondataserviceforapps",
              "operationId": "aibuilderpredict_customprompt",
              "connectionName": "shared_commondataserviceforapps"
            }
          },
          "runAfter": {
            "Get_similar_cases": [
              "Succeeded"
            ]
          },
          "metadata": {
            "operationMetadataId": "91bc735b-714c-4869-9957-5d9a0a4cd5d6",
            "flowSystemMetadata": {
              "portalOperationApiDisplayNameOverride": "AI Builder",
              "portalOperationIconOverride": "https://content.powerapps.com/resource/makerx/static/pauto/images/designeroperations/aiBuilderNew.51dbdb6b.png",
              "portalOperationBrandColorOverride": "#0A76C4",
              "portalOperationApiTierOverride": "Standard"
            }
          }
        },
        "Send_an_email_(V2)": {
          "type": "OpenApiConnection",
          "inputs": {
            "parameters": {
              "emailMessage/To": "robert@acornrescue.co.uk",
              "emailMessage/Subject": "New FOI received",
              "emailMessage/Body": "<p>A new FOI has been received:<br>\n<br>\nRequest from: <br>\n<br>\nDate Received:<br>\n<br>\nDeadline:<br>\n<br>\nTasks have been created for review and assignment in the FOI management app.<br>\n<br>\nAI has also identified the following similar cases:<br>\n<br>\n<br>\n</p>",
              "emailMessage/Importance": "Normal"
            },
            "host": {
              "apiId": "/providers/Microsoft.PowerApps/apis/shared_office365",
              "operationId": "SendEmailV2",
              "connectionName": "shared_office365"
            }
          },
          "runAfter": {
            "Break_the_request_down_into_manageable_tasks": [
              "Succeeded"
            ]
          },
          "metadata": {
            "operationMetadataId": "28fa5476-9178-4199-8deb-03ad58b9e2ee"
          }
        },
        "Get_a_row_by_ID": {
          "type": "OpenApiConnection",
          "inputs": {
            "parameters": {
              "entityName": "cr053_foirequests",
              "recordId": "@triggerOutputs()?['body/cr053_foirequestid']"
            },
            "host": {
              "apiId": "/providers/Microsoft.PowerApps/apis/shared_commondataserviceforapps",
              "operationId": "GetItem",
              "connectionName": "shared_commondataserviceforapps"
            }
          },
          "runAfter": {}
        }
      }
    },
    "templateName": null
  },
  "schemaVersion": "1.0.0.0"
}