{
  "properties": {
    "connectionReferences": {
      "shared_commondataserviceforapps": {
        "runtimeSource": "embedded",
        "connection": {
          "connectionReferenceLogicalName": "cr053_sharedcommondataserviceforapps_e7ebd"
        },
        "api": {
          "name": "shared_commondataserviceforapps"
        }
      }
    },
    "definition": {
      "$schema": "https://schema.management.azure.com/providers/Microsoft.Logic/schemas/2016-06-01/workflowdefinition.json#",
      "contentVersion": "1.0.0.0",
      "parameters": {
        "$connections": {
          "defaultValue": {},
          "type": "Object"
        },
        "$authentication": {
          "defaultValue": {},
          "type": "SecureObject"
        }
      },
      "triggers": {
        "manual": {
          "metadata": {
            "operationMetadataId": "b8f61c18-7224-4f8a-9c5f-72fbce5df764"
          },
          "type": "Request",
          "kind": "Skills",
          "inputs": {
            "schema": {
              "type": "object",
              "properties": {
                "text": {
                  "description": "Please enter your input",
                  "title": "Reference Number",
                  "type": "string",
                  "x-ms-content-hint": "TEXT",
                  "x-ms-dynamically-added": true
                },
                "text_1": {
                  "description": "Please enter your input",
                  "title": "UserEmail",
                  "type": "string",
                  "x-ms-content-hint": "TEXT",
                  "x-ms-dynamically-added": true
                }
              },
              "required": [
                "text",
                "text_1"
              ]
            }
          }
        }
      },
      "actions": {
        "List_rows": {
          "runAfter": {},
          "metadata": {
            "operationMetadataId": "e4946a64-e5c9-455b-ac62-b5dd5d54f513"
          },
          "type": "OpenApiConnection",
          "inputs": {
            "parameters": {
              "entityName": "cr053_foirequests",
              "$filter": "new_userreference eq @{triggerBody()?['text']} and new_useremail eq @{triggerBody()?['email']}",
              "$top": 1
            },
            "host": {
              "connectionName": "shared_commondataserviceforapps",
              "operationId": "ListRecords",
              "apiId": "/providers/Microsoft.PowerApps/apis/shared_commondataserviceforapps"
            },
            "authentication": "@parameters('$authentication')"
          }
        },
        "Respond_to_Copilot": {
          "runAfter": {
            "For_each": [
              "Succeeded"
            ]
          },
          "metadata": {
            "operationMetadataId": "81c94f73-dd52-465c-ad3b-a4686da63cc3"
          },
          "type": "Response",
          "kind": "Skills",
          "inputs": {
            "statusCode": 200,
            "body": {},
            "schema": {
              "type": "object",
              "properties": {
                "foi_status": {
                  "title": "FOI Status",
                  "x-ms-dynamically-added": true,
                  "type": "string",
                  "description": "Status of the request"
                }
              }
            }
          }
        },
        "For_each": {
          "foreach": "@outputs('List_rows')?['body/value']",
          "actions": {
            "Get_a_row_by_ID": {
              "runAfter": {},
              "metadata": {
                "operationMetadataId": "3f318e77-00bb-42f8-a643-3d4036aa7327"
              },
              "type": "OpenApiConnection",
              "inputs": {
                "parameters": {
                  "entityName": "cr053_foirequests",
                  "recordId": "@items('For_each')?['cr053_foirequestid']"
                },
                "host": {
                  "connectionName": "shared_commondataserviceforapps",
                  "operationId": "GetItem",
                  "apiId": "/providers/Microsoft.PowerApps/apis/shared_commondataserviceforapps"
                },
                "authentication": "@parameters('$authentication')"
              }
            }
          },
          "runAfter": {
            "List_rows": [
              "Succeeded"
            ]
          },
          "metadata": {
            "operationMetadataId": "11e1f0c8-6678-4cb4-b22e-40a90a13109e"
          },
          "type": "Foreach"
        }
      },
      "outputs": {}
    },
    "templateName": "8966f0978a80430098d992ce322095e3"
  },
  "schemaVersion": "1.0.0.0"
}