<powerpagecomponent powerpagecomponentid="5666a239-302a-49c2-baad-e16b32225cff">
  <content>{"enablerating":false,"enabletracking":false,"excludefromsearch":false,"feedbackpolicy":756150000,"hiddenfromsitemap":true,"isroot":true,"pagetemplateid":"b93e3ed2-eea5-411c-9307-e0498752fcc9","parentpageid":"d6e390e5-3b34-49a6-bdb2-1c503771d830","partialurl":"search","publishingstateid":"0e070d4e-2600-4749-81b1-e424707f6155","sharedpageconfiguration":false}</content>
  <iscustomizable>1</iscustomizable>
  <name>Search</name>
  <powerpagecomponenttype>2</powerpagecomponenttype>
  <powerpagesiteid>
    <powerpagesiteid>23bf312d-5ba3-4d07-8755-3f005d913606</powerpagesiteid>
  </powerpagesiteid>
  <searchcontent>Search</searchcontent>
  <statecode>0</statecode>
  <statuscode>1</statuscode>
</powerpagecomponent>