<powerpagecomponent powerpagecomponentid="b4afa92b-bcab-42fd-bc25-637c04e249a9">
  <content>{"display_name":"Search/Facet/Sort Order/Views","type":756150000,"value":"View Count"}</content>
  <iscustomizable>1</iscustomizable>
  <name>Search/Facet/SortOrder/Views</name>
  <powerpagecomponenttype>7</powerpagecomponenttype>
  <powerpagesiteid>
    <powerpagesiteid>23bf312d-5ba3-4d07-8755-3f005d913606</powerpagesiteid>
  </powerpagesiteid>
  <powerpagesitelanguageid>
    <powerpagesitelanguageid>8c8c0a8d-98bc-4ba2-b384-4830f6916f51</powerpagesitelanguageid>
  </powerpagesitelanguageid>
  <statecode>0</statecode>
  <statuscode>1</statuscode>
</powerpagecomponent>