<powerpagecomponent powerpagecomponentid="b93e3ed2-eea5-411c-9307-e0498752fcc9">
  <content>{"entityname":"adx_webpage","isdefault":false,"rewriteurl":"~/Pages/Search.aspx","type":756150000,"usewebsiteheaderandfooter":true,"webtemplateid":"c5cf428a-3622-4fa5-b591-a1da2e02846c"}</content>
  <iscustomizable>1</iscustomizable>
  <name>Search</name>
  <powerpagecomponenttype>6</powerpagecomponenttype>
  <powerpagesiteid>
    <powerpagesiteid>23bf312d-5ba3-4d07-8755-3f005d913606</powerpagesiteid>
  </powerpagesiteid>
  <statecode>0</statecode>
  <statuscode>1</statuscode>
</powerpagecomponent>