<powerpagecomponent powerpagecomponentid="88cc8138-f276-431a-9307-a03f5d33ee97">
  <content>{"adddescription":false,"attributelogicalname":"adx_createdbycontact","descriptionposition":100000000,"entityform":"d3282e58-a164-4b9d-ad8d-ad5083d1d1c0","fieldisrequired":true,"ignoredefaultvalue":false,"onsavetype":100000000,"randomizeoptionsetvalues":false,"setvalueonsave":false,"type":100000000,"useattributedescriptionproperty":true}</content>
  <iscustomizable>1</iscustomizable>
  <name>simple contact us form adx_createdbycontact</name>
  <powerpagecomponenttype>16</powerpagecomponenttype>
  <powerpagesiteid>
    <powerpagesiteid>23bf312d-5ba3-4d07-8755-3f005d913606</powerpagesiteid>
  </powerpagesiteid>
  <statecode>0</statecode>
  <statuscode>1</statuscode>
</powerpagecomponent>