<msdyn_planartifact msdyn_planartifactid="d0eebf45-74eb-ef11-9341-6045bd0d4b65">
  <iscustomizable>1</iscustomizable>
  <msdyn_artifactmetadataschemaversion>1.0</msdyn_artifactmetadataschemaversion>
  <msdyn_artifactstatus>419550000</msdyn_artifactstatus>
  <msdyn_description>A flow to confirm to public users that their FOI request has been submitted and provide the response deadline.</msdyn_description>
  <msdyn_name>FOI Confirmation</msdyn_name>
  <msdyn_proposal mimetype="application/octet-stream">FOI Confirmation</msdyn_proposal>
  <msdyn_proposalschemaversion>1.0</msdyn_proposalschemaversion>
  <msdyn_type>PowerAutomateFlow</msdyn_type>
  <statecode>0</statecode>
  <statuscode>1</statuscode>
</msdyn_planartifact>