<powerpagecomponent powerpagecomponentid="03589ad2-4de0-4202-915b-4e8ce4827155">
  <content>{"copy":"&lt;div class=\"row sectionBlockLayout\" style=\"display: flex; flex-wrap: wrap; min-height: 50px; background: var(--portalThemeColor2);\"&gt;&lt;/div&gt;\r\n&lt;div class=\"row sectionBlockLayout\" style=\"display: flex; flex-wrap: wrap; min-height: 50px; background: var(--portalThemeColor6);\"&gt;&lt;/div&gt;\r\n&lt;div class=\"row sectionBlockLayout\" style=\"display: flex; flex-wrap: wrap; text-align: left; min-height: 374px;\"&gt;\r\n    &lt;div data-component-theme=\"portalThemeColor7\" class=\"container\" style=\"padding: 0px; display: flex; flex-wrap: wrap;\"&gt;\r\n        &lt;div class=\"col-lg-12 columnBlockLayout\" style=\"flex-grow: 1; display: flex; flex-direction: column; min-width: 300px; padding: 16px;\"&gt;&lt;img src=\"/Cat-PC.png\" alt=\"\" name=\"Cat-PC.png\" style=\"width: 200px; height: 161px; margin-left: auto; margin-right: auto;\"&gt;\r\n            &lt;h2 style=\"text-align: center;\"&gt;You don’t have access to this&lt;/h2&gt;\r\n            &lt;p style=\"text-align: center;\"&gt;Check your credentials or ask your admin to request access&lt;/p&gt;\r\n        &lt;/div&gt;\r\n    &lt;/div&gt;\r\n&lt;/div&gt;\r\n&lt;div class=\"row sectionBlockLayout\" style=\"display: flex; flex-wrap: wrap; min-height: 315px; background: var(--portalThemeColor1);\"&gt;&lt;/div&gt;","enablerating":false,"enabletracking":false,"excludefromsearch":true,"feedbackpolicy":756150000,"hiddenfromsitemap":true,"isroot":false,"pagetemplateid":"58a458c7-37b9-4b19-a257-0a5198860a64","parentpageid":"d6e390e5-3b34-49a6-bdb2-1c503771d830","partialurl":"access-denied","publishingstateid":"0e070d4e-2600-4749-81b1-e424707f6155","rootwebpageid":"e847f043-9363-4102-a118-f69a12c6aedd","sharedpageconfiguration":false}</content>
  <iscustomizable>1</iscustomizable>
  <name>Access Denied</name>
  <powerpagecomponenttype>2</powerpagecomponenttype>
  <powerpagesiteid>
    <powerpagesiteid>23bf312d-5ba3-4d07-8755-3f005d913606</powerpagesiteid>
  </powerpagesiteid>
  <powerpagesitelanguageid>
    <powerpagesitelanguageid>8c8c0a8d-98bc-4ba2-b384-4830f6916f51</powerpagesitelanguageid>
  </powerpagesitelanguageid>
  <searchcontent>&lt;div class="row sectionBlockLayout" style="display: flex; flex-wrap: wrap; min-height: 50px; background: var(--portalThemeColor2);"&gt;&lt;/div&gt;
&lt;div class="row sectionBlockLayout" style="display: flex; flex-wrap: wrap; min-height: 50px; background: var(--portalThemeColor6);"&gt;&lt;/div&gt;
&lt;div class="row sectionBlockLayout" style="display: flex; flex-wrap: wrap; text-align: left; min-height: 374px;"&gt;
    &lt;div data-component-theme="portalThemeColor7" class="container" style="padding: 0px; display: flex; flex-wrap: wrap;"&gt;
        &lt;div class="col-lg-12 columnBlockLayout" style="flex-grow: 1; display: flex; flex-direction: column; min-width: 300px; padding: 16px;"&gt;&lt;img src="/Cat-PC.png" alt="" name="Cat-PC.png" style="width: 200px; height: 161px; margin-left: auto; margin-right: auto;"&gt;
            &lt;h2 style="text-align: center;"&gt;You don’t have access to this&lt;/h2&gt;
            &lt;p style="text-align: center;"&gt;Check your credentials or ask your admin to request access&lt;/p&gt;
        &lt;/div&gt;
    &lt;/div&gt;
&lt;/div&gt;
&lt;div class="row sectionBlockLayout" style="display: flex; flex-wrap: wrap; min-height: 315px; background: var(--portalThemeColor1);"&gt;&lt;/div&gt;Access Denied</searchcontent>
  <statecode>0</statecode>
  <statuscode>1</statuscode>
</powerpagecomponent>