<msdyn_plan msdyn_planid="8943c53f-74eb-ef11-9341-6045bd0d4b65">
  <iscustomizable>1</iscustomizable>
  <msdyn_content mimetype="application/octet-stream">FOI Request Tracker</msdyn_content>
  <msdyn_contentschemaversion> 1.0</msdyn_contentschemaversion>
  <msdyn_description>This solution will allow public users to submit and track FOI requests, while FOI coordination team members and business team leads from the wider business manage and respond to them efficiently.</msdyn_description>
  <msdyn_name>FOI Request Tracker</msdyn_name>
  <msdyn_prompt>Freedom of Information requests are submitted by the public and have to be responded to in 28 days. A central team has to track all requests and work with different teams across the business to provide a response. Each request needs an appointed lead from within the business to approve the final reply.</msdyn_prompt>
  <statecode>0</statecode>
  <statuscode>1</statuscode>
</msdyn_plan>