<powerpagecomponent powerpagecomponentid="b3650400-5ff0-ef11-be1f-000d3a0cb104">
  <content>{"botschemaname":"cr053_foiRequestHandler","configjson":"{\"skillConfigViewName\":\"FOI Portal bot Answers\"}"}</content>
  <iscustomizable>1</iscustomizable>
  <name>Bot Consumer</name>
  <powerpagecomponenttype>27</powerpagecomponenttype>
  <powerpagesiteid>
    <powerpagesiteid>23bf312d-5ba3-4d07-8755-3f005d913606</powerpagesiteid>
  </powerpagesiteid>
  <statecode>0</statecode>
  <statuscode>1</statuscode>
</powerpagecomponent>