<botcomponent schemaname="cr053_employeeFoiAssistant.component.Respondingtoarequest_ICO.html_9Ou">
  <componenttype>14</componenttype>
  <description>This knowledge source searches information contained in Responding to a request _ ICO.html</description>
  <filedata mimetype="text/html">Responding%20to%20a%20request%20_%20ICO.html</filedata>
  <iscustomizable>0</iscustomizable>
  <name>Responding to a request _ ICO.html</name>
  <parentbotid>
    <schemaname>cr053_employeeFoiAssistant</schemaname>
  </parentbotid>
  <statecode>0</statecode>
  <statuscode>1</statuscode>
</botcomponent>