<powerpagecomponent powerpagecomponentid="ad63eb36-29d5-4937-bb5f-e31fe18f6df8">
  <content>{"disablepagevalidation":false,"displayimageonly":false,"displayorder":1,"displaypagechildlinks":false,"openinnewwindow":false,"pageid":"80996d00-2adb-4c01-baab-e5b291552eb3","publishingstateid":"0e070d4e-2600-4749-81b1-e424707f6155","robotsfollowlink":true,"weblinksetid":"d97cb169-f36c-4a20-b0e0-8f16856f2b18"}</content>
  <iscustomizable>1</iscustomizable>
  <name>Profile</name>
  <powerpagecomponenttype>5</powerpagecomponenttype>
  <powerpagesiteid>
    <powerpagesiteid>23bf312d-5ba3-4d07-8755-3f005d913606</powerpagesiteid>
  </powerpagesiteid>
  <statecode>0</statecode>
  <statuscode>1</statuscode>
</powerpagecomponent>