<powerpagecomponent powerpagecomponentid="365b6268-6b29-4a3c-8cf7-1105bb7f6f0f">
  <content>{"enablerating":false,"enabletracking":false,"excludefromsearch":false,"feedbackpolicy":756150000,"hiddenfromsitemap":true,"isroot":false,"pagetemplateid":"b93e3ed2-eea5-411c-9307-e0498752fcc9","parentpageid":"d6e390e5-3b34-49a6-bdb2-1c503771d830","partialurl":"search","publishingstateid":"0e070d4e-2600-4749-81b1-e424707f6155","rootwebpageid":"5666a239-302a-49c2-baad-e16b32225cff","sharedpageconfiguration":false}</content>
  <iscustomizable>1</iscustomizable>
  <name>Search</name>
  <powerpagecomponenttype>2</powerpagecomponenttype>
  <powerpagesiteid>
    <powerpagesiteid>23bf312d-5ba3-4d07-8755-3f005d913606</powerpagesiteid>
  </powerpagesiteid>
  <powerpagesitelanguageid>
    <powerpagesitelanguageid>8c8c0a8d-98bc-4ba2-b384-4830f6916f51</powerpagesitelanguageid>
  </powerpagesitelanguageid>
  <searchcontent>Search</searchcontent>
  <statecode>0</statecode>
  <statuscode>1</statuscode>
</powerpagecomponent>