<msdyn_planartifact msdyn_planartifactid="9943c53f-74eb-ef11-9341-6045bd0d4b65">
  <iscustomizable>1</iscustomizable>
  <msdyn_artifactmetadataschemaversion>1.0</msdyn_artifactmetadataschemaversion>
  <msdyn_artifactstatus>419550000</msdyn_artifactstatus>
  <msdyn_description>A flow to send reminders to business team leads about upcoming FOI request deadlines.</msdyn_description>
  <msdyn_name>FOI Reminder</msdyn_name>
  <msdyn_proposal mimetype="application/octet-stream">FOI Reminder</msdyn_proposal>
  <msdyn_proposalschemaversion>1.0</msdyn_proposalschemaversion>
  <msdyn_type>PowerAutomateFlow</msdyn_type>
  <statecode>0</statecode>
  <statuscode>1</statuscode>
</msdyn_planartifact>