<powerpagecomponent powerpagecomponentid="439f907f-c8a2-4e6e-911b-706b3198828b">
  <content>{"status":"enable","selectedThemeId":"df88c9ca-e24f-4eca-af9a-880e7b8559a0","siteSettingId":"439f907f-c8a2-4e6e-911b-706b3198828b","version":"V2"}</content>
  <iscustomizable>1</iscustomizable>
  <name>ThemeFeature</name>
  <powerpagecomponenttype>9</powerpagecomponenttype>
  <powerpagesiteid>
    <powerpagesiteid>23bf312d-5ba3-4d07-8755-3f005d913606</powerpagesiteid>
  </powerpagesiteid>
  <statecode>0</statecode>
  <statuscode>1</statuscode>
</powerpagecomponent>