<powerpagecomponent powerpagecomponentid="f8ffc31a-f19f-4382-bda3-87f149b08172">
  <content>{"source":"{% extends 'Layout 1 Column' %}\r\n{% block main %}\r\n  {% include 'Page Copy' %}\r\n&lt;div class=\"container\" role=\"main\"&gt;\r\n    {% include 'Child Navigation' showdescriptions: true %}\r\n    {% if page.adx_entitylist %}\r\n    {% include 'entity_list' key: page.adx_entitylist.id %}\r\n    {% endif %}\r\n\r\n    {% if page.adx_entityform %}\r\n    {% entityform id: page.adx_entityform.id %}\r\n    {% endif %}\r\n\r\n    {% if page.adx_webform %}\r\n    {% webform id: page.adx_webform.id %}\r\n    {% endif %}\r\n&lt;/div&gt;\r\n{% endblock %}"}</content>
  <iscustomizable>1</iscustomizable>
  <name>Full Page</name>
  <powerpagecomponenttype>8</powerpagecomponenttype>
  <powerpagesiteid>
    <powerpagesiteid>23bf312d-5ba3-4d07-8755-3f005d913606</powerpagesiteid>
  </powerpagesiteid>
  <statecode>0</statecode>
  <statuscode>1</statuscode>
</powerpagecomponent>