<powerpagecomponent powerpagecomponentid="b72d4c8c-4ad0-417b-9f46-fe644b36abaa">
  <content>{"disablepagevalidation":false,"displayimageonly":false,"displayorder":1,"displaypagechildlinks":false,"openinnewwindow":false,"pageid":"bc13ca72-9679-4c88-b4bc-ca63f1e33b08","parentweblinkid":"dc4a9c0c-2da4-40f3-b67a-13f432b91255","publishingstateid":"0e070d4e-2600-4749-81b1-e424707f6155","robotsfollowlink":true,"weblinksetid":"192bfffe-5a48-4c44-91b5-73101862061d"}</content>
  <iscustomizable>1</iscustomizable>
  <name>Subpage 1</name>
  <powerpagecomponenttype>5</powerpagecomponenttype>
  <powerpagesiteid>
    <powerpagesiteid>23bf312d-5ba3-4d07-8755-3f005d913606</powerpagesiteid>
  </powerpagesiteid>
  <statecode>0</statecode>
  <statuscode>1</statuscode>
</powerpagecomponent>