<powerpagecomponent powerpagecomponentid="5a688798-aef1-436f-954b-d4577a63e77f">
  <content>{"adx_entitypermission_webrole":["291330c4-16e4-457b-ab80-3446ee0e880c","01bf79fc-fc0f-45ee-90c0-a5af156584a2","d643910d-4b4d-46c4-94f6-aa550c11c96a"],"append":false,"appendto":false,"create":true,"delete":false,"entitylogicalname":"feedback","entityname":"Feedback","read":false,"scope":756150000,"write":false}</content>
  <iscustomizable>1</iscustomizable>
  <name>Feedback</name>
  <powerpagecomponenttype>18</powerpagecomponenttype>
  <powerpagesiteid>
    <powerpagesiteid>23bf312d-5ba3-4d07-8755-3f005d913606</powerpagesiteid>
  </powerpagesiteid>
  <statecode>0</statecode>
  <statuscode>1</statuscode>
</powerpagecomponent>