<botcomponent schemaname="cr053_foiRequestHandler.topic.PublicUser_RequestResponseAccountFOIRequest_1iS2Tn3580HNuDZNzD_RS">
  <category>Authoritative</category>
  <componenttype>16</componenttype>
  <description>This knowledge source answers questions found in the following Dataverse tables: Public User, Request Response, Account, FOI Request</description>
  <iscustomizable>0</iscustomizable>
  <name>Public User, Request Response, Account, FOI Request</name>
  <parentbotid>
    <schemaname>cr053_foiRequestHandler</schemaname>
  </parentbotid>
  <statecode>0</statecode>
  <statuscode>1</statuscode>
</botcomponent>