<powerpagecomponent powerpagecomponentid="d63b32a7-f31f-4421-a404-4953f2ad4149">
  <content>{"source":"{% unless placement %}\r\n  {% if id %}\r\n    {% assign placement = polls.placements[id] %}\r\n  {% elsif name %}\r\n    {% assign placement = polls.placements[name] %}\r\n  {% endif %}\r\n{% endunless %}\r\n\r\n{% if placement %}\r\n&lt;div class=\"poll\" data-url=\"{{ placement.random_url | h }}\" data-submit-url=\"{{ placement.submit_url | h }}\"&gt;&lt;/div&gt;\r\n{% endif %}"}</content>
  <iscustomizable>1</iscustomizable>
  <name>Random Poll</name>
  <powerpagecomponenttype>8</powerpagecomponenttype>
  <powerpagesiteid>
    <powerpagesiteid>23bf312d-5ba3-4d07-8755-3f005d913606</powerpagesiteid>
  </powerpagesiteid>
  <statecode>0</statecode>
  <statuscode>1</statuscode>
</powerpagecomponent>