<ImportExportXml version="9.2.25021.188" SolutionPackageVersion="9.2" languagecode="1033" generatedBy="CrmLive" xmlns:xsi="http://www.w3.org/2001/XMLSchema-instance" OrganizationVersion="9.2.25021.188" OrganizationSchemaType="Standard" CRMServerServiceabilityVersion="9.2.25021.00188">
  <SolutionManifest>
    <UniqueName>FreedomofInformation</UniqueName>
    <LocalizedNames>
      <LocalizedName description="Freedom of Information" languagecode="1033" />
    </LocalizedNames>
    <Descriptions />
    <Version>1.0.0.1</Version>
    <Managed>0</Managed>
    <Publisher>
      <UniqueName>DefaultPublisherorg6c935d3f</UniqueName>
      <LocalizedNames>
        <LocalizedName description="Default Publisher for org6c935d3f" languagecode="1033" />
      </LocalizedNames>
      <Descriptions>
        <Description description="Default publisher for this organization" languagecode="1033" />
      </Descriptions>
      <EMailAddress xsi:nil="true"></EMailAddress>
      <SupportingWebsiteUrl xsi:nil="true"></SupportingWebsiteUrl>
      <CustomizationPrefix>new</CustomizationPrefix>
      <CustomizationOptionValuePrefix>10000</CustomizationOptionValuePrefix>
      <Addresses>
        <Address>
          <AddressNumber>1</AddressNumber>
          <AddressTypeCode xsi:nil="true"></AddressTypeCode>
          <City xsi:nil="true"></City>
          <County xsi:nil="true"></County>
          <Country xsi:nil="true"></Country>
          <Fax xsi:nil="true"></Fax>
          <FreightTermsCode xsi:nil="true"></FreightTermsCode>
          <ImportSequenceNumber xsi:nil="true"></ImportSequenceNumber>
          <Latitude xsi:nil="true"></Latitude>
          <Line1 xsi:nil="true"></Line1>
          <Line2 xsi:nil="true"></Line2>
          <Line3 xsi:nil="true"></Line3>
          <Longitude xsi:nil="true"></Longitude>
          <Name xsi:nil="true"></Name>
          <PostalCode xsi:nil="true"></PostalCode>
          <PostOfficeBox xsi:nil="true"></PostOfficeBox>
          <PrimaryContactName xsi:nil="true"></PrimaryContactName>
          <ShippingMethodCode xsi:nil="true"></ShippingMethodCode>
          <StateOrProvince xsi:nil="true"></StateOrProvince>
          <Telephone1 xsi:nil="true"></Telephone1>
          <Telephone2 xsi:nil="true"></Telephone2>
          <Telephone3 xsi:nil="true"></Telephone3>
          <TimeZoneRuleVersionNumber xsi:nil="true"></TimeZoneRuleVersionNumber>
          <UPSZone xsi:nil="true"></UPSZone>
          <UTCOffset xsi:nil="true"></UTCOffset>
          <UTCConversionTimeZoneCode xsi:nil="true"></UTCConversionTimeZoneCode>
        </Address>
        <Address>
          <AddressNumber>2</AddressNumber>
          <AddressTypeCode xsi:nil="true"></AddressTypeCode>
          <City xsi:nil="true"></City>
          <County xsi:nil="true"></County>
          <Country xsi:nil="true"></Country>
          <Fax xsi:nil="true"></Fax>
          <FreightTermsCode xsi:nil="true"></FreightTermsCode>
          <ImportSequenceNumber xsi:nil="true"></ImportSequenceNumber>
          <Latitude xsi:nil="true"></Latitude>
          <Line1 xsi:nil="true"></Line1>
          <Line2 xsi:nil="true"></Line2>
          <Line3 xsi:nil="true"></Line3>
          <Longitude xsi:nil="true"></Longitude>
          <Name xsi:nil="true"></Name>
          <PostalCode xsi:nil="true"></PostalCode>
          <PostOfficeBox xsi:nil="true"></PostOfficeBox>
          <PrimaryContactName xsi:nil="true"></PrimaryContactName>
          <ShippingMethodCode xsi:nil="true"></ShippingMethodCode>
          <StateOrProvince xsi:nil="true"></StateOrProvince>
          <Telephone1 xsi:nil="true"></Telephone1>
          <Telephone2 xsi:nil="true"></Telephone2>
          <Telephone3 xsi:nil="true"></Telephone3>
          <TimeZoneRuleVersionNumber xsi:nil="true"></TimeZoneRuleVersionNumber>
          <UPSZone xsi:nil="true"></UPSZone>
          <UTCOffset xsi:nil="true"></UTCOffset>
          <UTCConversionTimeZoneCode xsi:nil="true"></UTCConversionTimeZoneCode>
        </Address>
      </Addresses>
    </Publisher>
    <RootComponents>
      <RootComponent type="1" schemaName="contact" behavior="1" />
      <RootComponent type="1" schemaName="cr053_foirequest" behavior="0" />
      <RootComponent type="1" schemaName="cr053_publicuser" behavior="0" />
      <RootComponent type="1" schemaName="cr053_requestresponse" behavior="0" />
      <RootComponent type="1" schemaName="new_team" behavior="0" />
      <RootComponent type="1" schemaName="systemuser" behavior="1" />
      <RootComponent type="29" id="{31bb0778-46f0-ef11-be1f-000d3a0cb104}" behavior="0" />
      <RootComponent type="29" id="{5414a51d-59f0-ef11-be1f-000d3a0cb104}" behavior="0" />
      <RootComponent type="300" schemaName="cr053_foiapp_5e027" behavior="0" />
      <RootComponent type="401" id="{2c07459e-fe47-4ca6-99f2-8ad996a9a131}" behavior="0" />
      <RootComponent type="401" id="{dbfa5455-0838-40cf-8f32-e705e181ed49}" behavior="0" />
    </RootComponents>
    <MissingDependencies>
      <MissingDependency>
        <Required type="1" schemaName="msdyn_aimodel" displayName="AI Model" solution="msdyn_AISolution (202501.3.14.3)">
          <package appName="PowerAI" version="202501.3.14.3">msdyn_AISolutionAnchor (202501.3.14.3)</package>
        </Required>
        <Dependent type="300" schemaName="cr053_foiapp_5e027" displayName="FOI App" />
      </MissingDependency>
      <MissingDependency>
        <Required type="connectionreference" displayName="cr053_sharedcommondataserviceforapps_e7ebd" solution="Active" id.connectionreferencelogicalname="cr053_sharedcommondataserviceforapps_e7ebd" />
        <Dependent type="29" displayName="Get and return FOI details" id="{31bb0778-46f0-ef11-be1f-000d3a0cb104}" />
      </MissingDependency>
      <MissingDependency>
        <Required type="connectionreference" displayName="cr053_sharedcommondataserviceforapps_e7ebd" solution="Active" id.connectionreferencelogicalname="cr053_sharedcommondataserviceforapps_e7ebd" />
        <Dependent type="29" displayName="FOI - Manage new request" id="{5414a51d-59f0-ef11-be1f-000d3a0cb104}" />
      </MissingDependency>
    </MissingDependencies>
  </SolutionManifest>
</ImportExportXml>