<powerpagecomponent powerpagecomponentid="a55156ec-b483-4660-9d8c-81bd7ac4b1f0">
  <content>{"display_name":"Search/Facet/More","type":756150000,"value":"Show more"}</content>
  <iscustomizable>1</iscustomizable>
  <name>Search/Facet/More</name>
  <powerpagecomponenttype>7</powerpagecomponenttype>
  <powerpagesiteid>
    <powerpagesiteid>23bf312d-5ba3-4d07-8755-3f005d913606</powerpagesiteid>
  </powerpagesiteid>
  <powerpagesitelanguageid>
    <powerpagesitelanguageid>8c8c0a8d-98bc-4ba2-b384-4830f6916f51</powerpagesitelanguageid>
  </powerpagesitelanguageid>
  <statecode>0</statecode>
  <statuscode>1</statuscode>
</powerpagecomponent>