<powerpagecomponent powerpagecomponentid="f1b96b55-bfe5-47af-beea-84b33611bc8c">
  <content>{"adx_webpageaccesscontrolrule_webrole":["01bf79fc-fc0f-45ee-90c0-a5af156584a2"],"right":1,"scope":1,"webpageid":"d6e390e5-3b34-49a6-bdb2-1c503771d830"}</content>
  <iscustomizable>1</iscustomizable>
  <name>Grant Change to Administrators</name>
  <powerpagecomponenttype>10</powerpagecomponenttype>
  <powerpagesiteid>
    <powerpagesiteid>23bf312d-5ba3-4d07-8755-3f005d913606</powerpagesiteid>
  </powerpagesiteid>
  <statecode>0</statecode>
  <statuscode>1</statuscode>
</powerpagecomponent>